UserId,Age,Gender
5578723276,40,2
7836419551,51,2
1722831298,53,2
4498368647,31,0
7864316285,35,2
4337419919,38,1
4815297381,25,2
1973466386,42,1
3281681854,29,1
3566982641,36,1
3779976486,32,0
4415668571,47,2
2818295667,35,0
7651498724,40,2
5788783191,47,0
8141156323,46,0
2858121463,52,0
7539915599,18,1
7765767376,32,2
2963437281,42,1
9972666474,30,0
3151539591,42,1
4397528342,46,1
4771564398,31,1
8924246844,33,2
8953341566,34,0
8638657875,21,2
9296921511,51,2
2938686484,22,2
4835658327,33,1
8266876782,44,2
6172971564,36,0
9991548195,51,2
8595131621,32,2
5234236762,22,1
8951244784,23,2
4239475764,29,1
3134239798,45,0
8639133277,27,2
4847685534,29,2
8512392874,42,1
7389616765,34,2
2516254316,46,2
7152551757,49,0
1539249142,33,0
1845732842,37,2
2451752461,38,2
5112396348,28,0
4251669558,26,0
4647634994,26,0
7824612175,42,2
3688945568,44,2
8997897176,38,2
7176538922,44,0
1898951952,34,0
8615359589,39,1
6325364378,41,0
3345436795,60,1
8129948449,34,0
6984931736,45,1
4866845819,40,1
7973544992,50,2
8442124413,37,0
4923299599,23,0
8815235247,35,1
1655785456,35,0
3391394421,46,0
2753239443,25,0
6297157723,40,1
4694478268,29,1
4866264796,34,2
8865163843,32,2
4161287352,57,0
5756358917,38,2
6275645317,20,0
9746794845,33,1
1693494539,28,1
5975495424,33,1
4572489874,36,0
3333263661,33,2
3877467573,50,2
2121732971,28,1
6181118735,41,1
6845419465,22,2
9264719875,32,2
2546945263,36,2
8864374128,32,2
5215578339,32,0
2174837822,23,2
8972674229,19,2
8416871589,43,2
2858235973,51,0
8329217251,49,1
6281735429,48,1
5315797495,20,2
5185846317,38,2
9153899416,37,1
5793238629,46,2
1511261326,43,0
1443641388,28,1
6575637433,32,0
4773749427,25,0
9525787146,38,2
7355511217,51,1
1579422914,36,2
3585619848,27,2
7182691255,39,1
3483138957,34,2
7718166424,60,0
1155345324,48,1
7687846843,46,2
4157831474,30,0
7531176631,35,2
5839956648,42,0
2232778164,27,0
1959284869,38,2
8195832487,43,1
1737574967,38,0
2141132636,34,0
4735485224,28,0
2956678589,25,0
9673164446,18,0
1332896972,46,2
7717187637,47,1
2458843265,35,1
6151329497,38,2
5461656579,31,0
5874679377,48,2
8942144553,34,1
4894988359,18,0
9123739758,47,0
8747423865,48,0
8833489265,57,1
9519694672,26,2
5586844474,31,1
2641638222,28,0
7876768581,42,2
1939994792,18,0
9454392933,50,0
3317378626,48,1
6314938187,29,1
2553513971,55,2
7949768593,59,1
6648172859,39,0
7464799131,58,1
3464369847,31,1
7633812521,34,0
3973765962,40,1
8437745867,25,1
5962542737,40,2
8283122987,54,1
5816584282,35,1
3351567189,52,1
8634274578,32,2
8681514638,28,0
6361383566,52,0
4796716652,22,2
5272188111,47,0
6479192557,42,2
3857196975,46,0
6572491429,34,2
5242923487,54,1
3928629284,48,2
6627963842,28,0
8333844782,47,2
6639384734,46,1
3129946189,39,1
2168599918,38,1
9513861113,43,0
3681286627,48,0
9863125723,46,0
2261512386,42,1
5281942697,43,1
5492467838,36,1
3514555527,36,1
3843415231,41,2
3233894878,48,0
2628548869,51,2
7321559266,38,2
9298813583,22,1
6676323294,50,1
8136457368,35,0
5727484655,37,1
4858194843,39,1
4837141353,20,0
9277756841,36,0
4673677426,53,0
6224737872,33,0
3232698929,48,1
8994782648,33,1
5339215756,32,0
4245192397,47,2
2661139225,33,2
5752115699,44,0
6636687562,24,2
3528683136,23,2
6568412921,49,2
5639982677,37,1
4233528587,37,1
4977227417,35,2
3694822617,29,2
4528745776,36,0
2181531618,29,2
9945158992,43,2
1297162913,54,0
5993193773,37,2
5478888914,38,2
1199521789,22,0
7432869828,53,2
5792481633,45,2
2251493759,51,1
4255411569,47,1
9516883724,51,0
2957898387,45,2
8918517153,34,1
9635566623,37,0
5983293292,29,2
8886919863,34,0
9862475311,28,1
1343128945,33,0
9751382692,33,2
8175597855,38,1
2786892712,57,1
4215599871,42,2
3537748267,37,1
7977546529,40,1
4518467696,38,0
4881767692,45,2
8837245797,36,2
3842378677,34,0
1298225822,34,2
9642162379,24,1
6795324517,31,2
5476688574,54,0
6792348968,46,1
4971354624,56,0
1568285885,48,0
1213667241,32,0
7374189691,34,1
7767528515,41,0
8251587138,32,1
5239899658,33,1
9251721649,38,0
3296621344,42,0
5999274578,45,1
9888459984,33,0
3392657773,47,2
9821418814,33,1
6372333373,44,1
7525598221,39,2
4551173954,35,1
6948538147,27,0
9464365415,46,0
9827447364,32,1
5298865412,43,0
5457688447,34,1
5623646126,27,1
2439836658,38,1
9733554732,36,1
5974927867,30,2
7659429296,60,1
1857923618,45,2
3134128772,45,0
9871836555,60,1
6716574157,49,1
1498626275,49,1
5688355558,37,1
8921893292,55,0
5935246326,41,0
1459731813,53,2
1769224588,42,0
6194164736,46,1
8244348381,26,2
7636243896,45,2
2899323397,60,1
1872183465,53,0
7139467429,30,0
9449698485,35,2
3875186837,40,0
7661471223,39,2
5576882511,41,2
7187868348,42,0
7757235282,43,1
9155115141,26,2
7116546883,41,0
3568229342,52,2
8386548849,18,0
8688945746,50,0
7736446777,53,0
9835821849,38,1
3474247687,43,0
8838941294,40,0
3782666913,32,2
8862185475,35,1
2962236564,35,0
1288878294,49,1
5994558488,35,0
9888643249,38,1
8314167736,44,0
2243247528,41,1
2751793177,42,0
6318189787,54,0
8127753499,37,2
9141735216,33,0
3329565882,44,2
7267646477,29,2
6889837557,35,2
2416433758,36,2
8957569596,34,1
6212128826,60,2
6734458959,40,1
1688584248,58,0
1756845125,20,0
5955731769,49,0
2394755428,38,2
1515114545,35,2
3161731483,41,1
6576224954,52,1
4675141248,43,2
3996683387,29,0
1137858821,40,1
6184973168,44,2
8813955598,49,2
1842277187,41,0
6127476766,25,1
4831359129,39,2
1276598396,36,0
3731681243,45,0
3925629496,41,2
4667797992,44,2
7611526358,36,2
2742925465,25,0
5417268843,28,2
7253342985,32,1
8194979328,46,2
2153435772,45,2
1824359742,45,1
3597859831,36,1
1738786996,24,1
4465797348,18,0
2219811485,48,1
2623758134,38,1
8322257139,40,0
2942398527,28,0
6667143723,31,0
4633927989,47,1
8133815557,27,2
6456727537,35,2
6644885865,26,2
3316762133,37,2
7318855112,43,1
9664171755,27,2
1237574972,49,2
7582195596,55,1
2712945386,36,2
2953699749,34,1
6995568721,32,2
8245349152,39,2
6239615412,35,2
8535993526,43,1
3546914536,44,0
8626778957,34,0
1238781851,47,1
3998969514,58,1
1455561333,29,2
6413893579,24,1
5741749477,40,1
7574869191,34,1
5938464889,40,1
3968643955,23,1
4124661141,37,0
1136566914,52,1
7317184889,29,0
8573584789,49,0
3928663633,35,1
1659742285,31,0
3767768451,55,2
6616345355,47,0
5792986215,29,2
4818919598,35,0
4197315528,60,1
5911931792,34,2
4648326461,49,0
2243748514,53,2
7741594724,54,2
1577763986,30,0
4198736164,41,2
7133938428,50,0
7179149372,43,1
8463795241,26,0
2862298188,34,0
4169441739,32,1
6495165345,42,1
4322586328,54,0
8426289828,47,1
6889456273,38,0
4419669222,32,1
3552351894,49,2
5665579152,34,0
8323394146,34,1
1998884277,30,1
1128834637,30,1
6193686751,39,0
8167163284,29,1
3941734946,51,2
9241399581,52,1
7959452964,33,0
3413986125,49,0
9629677896,56,2
6133475434,39,0
7455984621,36,2
7165282876,41,2
7496263747,60,1
3628674444,40,1
3176411289,38,2
4966184218,43,2
1422252496,41,1
8976119212,41,2
7232296186,36,2
2443516527,34,1
9362961944,25,0
5566313631,46,1
7245657932,44,2
7796118791,24,0
3149347574,23,0
6357536696,56,0
8779958749,38,1
3996411379,28,2
1888418643,37,2
1621698925,41,0
8452228519,35,1
7796274593,44,0
9496659697,22,2
1551443844,36,1
6562324458,57,1
2767279453,27,2
6826863377,43,1
9337314657,32,2
1688757659,45,1
8556772416,24,0
2989544115,43,2
1147111572,38,2
9444373859,50,0
8885254425,37,0
7244655758,32,2
2239753269,33,0
9462818133,33,0
7878213762,53,0
3549418265,38,0
3447193499,32,2
9373762314,51,2
3397398315,49,2
2286573253,34,0
2861232862,53,1
6625429641,44,0
1329446897,47,2
4561221347,38,1
6491519431,37,0
6398448713,51,1
5727247129,53,0
6748811752,30,2
7396335884,18,0
7259192244,32,1
3426715396,18,1
9474717926,38,2
1783554872,48,2
9196693438,25,0
1179951614,46,1
8236667152,49,0
2533876215,43,2
2516121468,60,2
1928335872,36,2
2119368861,52,0
4719316368,34,1
9884161345,45,1
8919759981,53,2
9751254575,44,2
3292933227,26,0
5617665923,55,2
8542939299,45,2
6546325855,41,0
2893739466,43,2
3242866287,36,1
2482255494,52,1
2672792139,34,2
9549751662,42,1
8132452741,31,0
9377594912,50,1
3759654279,23,1
9656214418,48,0
3937361679,31,2
6381228615,48,1
5375436957,32,1
2166747561,28,1
5617119255,41,1
5947132443,33,1
6359434977,43,0
8359979643,44,0
4365585443,42,1
5241376191,25,1
3669738286,32,2
6866738898,52,0
2722433696,39,1
7372888348,25,0
6479463433,40,2
4779752583,51,1
4383184768,18,2
6661558189,47,0
9396336543,38,0
1157593879,44,2
4639753368,39,2
6592764247,30,1
9998563215,22,1
9622965428,51,2
2471157456,30,2
9316423792,47,2
4837182186,43,1
2137291149,42,1
2499591297,33,0
1416337571,42,1
8782116489,54,1
1596978872,47,0
2349658729,28,1
9639155571,45,1
1972977923,38,0
8215295524,36,2
4915634761,46,2
4376679769,33,0
5635258759,37,0
3697315226,20,2
3733644314,43,2
8423615885,48,2
6281356458,31,2
7888777724,42,2
1235518646,42,2
6419441963,39,2
7448894357,56,0
2743155874,37,1
7128516928,39,2
1236671367,37,1
8259925326,51,0
6172121823,53,0
7445239193,42,1
1622418915,44,1
7183383651,29,2
3439966888,32,0
2763457471,38,0
6891664549,40,1
5521128155,31,0
7494511156,28,2
4419328562,60,1
1548137531,54,2
2199472611,34,2
9885268638,37,2
1966744326,48,2
7983399177,43,0
5984838364,43,2
4639752997,39,2
4635464125,45,0
6176693669,35,0
6911239964,49,0
6412493543,35,1
5914839452,37,0
8361928886,37,0
7878222155,46,2
4441787182,36,0
7978685487,36,2
2315447947,60,1
2755775576,31,0
2278211655,42,2
4174281984,21,1
9298523122,25,2
5974996988,44,0
5754874983,40,1
5918664541,41,2
1486853768,48,1
6724588155,50,0
5386253264,28,0
2853439823,43,2
2231269547,36,0
1256775187,54,2
6932529553,36,1
1485379364,18,1
3848166898,26,0
5543836553,49,1
3564768232,34,0
5591311637,44,0
4565184778,43,1
8673321174,42,0
4311467857,30,0
1411193117,38,1
7185973212,46,0
6231555361,34,1
9872481931,40,1
4735461554,27,0
8955572939,46,2
3411291467,33,0
5552186518,33,2
1472776836,37,2
7756687978,42,1
1358353438,35,2
1411278826,43,1
3751698245,39,1
8175636193,44,2
4211949716,39,0
3733122637,25,1
2995697862,20,0
1343426894,49,0
8834515778,35,1
2131164862,43,1
3671526858,43,1
9984743416,33,1
4621548376,41,1
2572675774,41,1
8725295394,39,1
1156866585,30,0
7731351248,32,2
4784561196,52,0
7857575414,45,1
2229839735,51,0
8173792633,48,2
3543595691,36,0
1441943871,45,1
8132313484,18,0
9292587697,41,0
2832948789,36,0
9942297949,56,0
4659612163,38,2
9521654433,54,0
9898194728,43,1
1895686293,34,1
9829743972,29,2
7919348299,46,2
7547332378,37,1
7777168633,30,0
5764643917,36,1
3974967767,34,0
2588224766,41,0
4297452867,39,2
4482626493,32,1
7567638953,29,1
4958214262,24,1
7184864363,36,0
9552612992,22,1
3389774475,29,1
5895565323,57,1
9731261147,26,0
9867959725,42,2
9737125496,34,0
7291226942,36,1
4357776694,33,0
5564616121,46,2
9797593866,45,2
8141722442,38,2
8922213647,43,1
2325978527,32,0
2247758518,33,0
4391681421,27,2
1346572355,28,0
8214658821,47,2
8475345687,23,0
9119387754,28,0
7247815142,30,0
3519278837,59,2
8695337395,52,2
2319397993,38,2
9648726897,42,1
5668834347,48,0
8676777583,45,0
1521946771,52,1
5584442315,38,2
3447998432,18,0
7227444731,18,2
3923663933,34,1
1859385852,49,1
3536595333,38,1
5475878151,44,0
9662331884,31,0
4388666657,41,0
3937891173,46,0
9111463594,56,1
3637797643,30,1
7383892561,43,2
9849731936,49,1
4393842937,21,2
4422546387,45,2
8368218936,34,0
6826963439,53,0
2938167251,44,0
8653118172,18,1
7132557944,47,2
7388965699,33,2
9326494149,27,1
5227716464,33,1
6882893162,36,1
4434594326,50,2
3812331747,39,2
4238699869,22,1
3125667324,38,1
8459939919,28,1
3476644661,27,0
1848258278,36,1
2146174665,43,0
6859653791,32,2
7998211293,35,0
8541517272,28,0
2822242569,60,2
4956139597,36,1
2643583698,32,1
5986397517,45,1
7256752612,42,2
6316384648,36,0
4744957685,33,0
8845251414,36,0
5432461198,25,1
6135798768,52,0
3147253343,39,2
5178942916,53,0
4387994448,34,2
9312921326,44,2
9139925683,19,0
6439948391,46,1
8554193929,30,2
8783842968,33,0
9799115586,21,0
9155249897,43,1
2888321215,45,0
1128687863,30,2
4449943631,42,1
9363661744,46,0
8315192499,28,2
7516946556,57,1
5391274599,34,2
1786994148,39,0
9183633364,41,2
7916389231,46,1
7495426817,40,2
8958764855,60,0
4382886567,25,0
5289734386,20,0
2587746647,49,0
4328122213,40,1
1374469812,41,0
2269978942,52,0
8458937933,39,1
2892291581,41,1
2587225171,46,1
2575713152,44,0
2226711269,19,1
6473496386,21,0
5932135228,60,0
6455657698,45,1
6764878915,36,0
1759419162,39,1
2169164445,32,0
6151546323,42,2
5191764642,52,1
6997769559,32,0
7876277848,42,2
2112595418,56,2
7948625987,45,0
1159876838,24,1
3176253687,39,0
5411722388,38,1
5693856317,46,1
2544842752,32,2
6955472593,41,0
1829971514,20,1
5928297572,48,2
7396262117,47,2
3215726436,50,2
7336515395,32,1
3588435146,40,2
7387869784,50,1
4114743842,37,0
4269376557,43,0
8689734761,29,2
5839796718,43,1
6622123761,52,2
4893948584,23,0
4153828491,42,2
5226379167,40,0
8749372345,43,2
3255418117,51,0
8714214857,43,1
1891248727,47,0
9651991842,38,0
4858759231,28,1
4761364637,31,1
4631861227,43,0
8229998286,38,1
3936121555,30,0
8398829169,38,1
6615726129,57,1
5693198813,42,2
4264283418,25,0
2693896981,27,1
5448142724,33,2
1855564741,33,0
9676155273,39,2
8162259742,29,1
4153967117,32,0
9118197633,51,2
3292245324,46,1
4237768413,32,0
5529892483,43,1
2239894171,27,0
9937118372,31,2
2537446913,24,0
8337752892,32,0
5578587846,25,1
3779617551,18,2
8946212327,60,2
6683469933,53,2
3167484376,54,1
3495437588,44,0
4845192278,38,2
1834812645,36,0
3956974718,39,0
2767478329,28,2
6145361962,41,2
7921355698,38,0
4565954943,29,0
2225147977,49,1
7233355114,18,1
6753616189,45,0
6158574633,31,1
4433941262,42,1
1826218485,48,2
3529175938,39,2
6296456634,43,2
8376688313,35,1
9214619252,42,1
1374265252,24,2
4747724666,36,1
8255415423,33,1
6178749621,60,2
1943943549,24,1
3186733629,46,2
5257542561,53,0
8294541879,18,2
1284798668,32,2
8741482966,35,2
5852591589,60,0
4483991521,39,1
1587133178,38,0
2322449474,60,2
3931468222,47,0
1483895221,30,1
7746267194,26,0
7827253636,32,1
4482449476,41,0
8925267853,36,1
4711469127,32,2
4978648164,48,1
2382838611,51,1
2947613126,44,0
4744436994,33,0
5845185646,28,0
7183832647,53,1
6589624731,26,1
5852277465,43,2
1515761683,51,2
6982143912,47,0
1733971718,35,2
7236335359,31,0
7837636847,44,1
5285342977,34,2
8827473359,45,1
4837319391,51,1
4927376168,60,0
7342237366,48,0
2736795136,45,0
4254335791,28,1
5886675618,60,1
9736296347,43,0
6919314887,31,2
9278166948,34,1
2986614194,35,0
9223545255,37,0
7472535674,37,2
7715494861,46,0
9873917271,52,1
7526752741,35,1
7659983229,45,0
9132882689,52,1
3438662281,46,2
4743927129,51,0
4145424368,33,2
7978113256,48,1
5355146263,39,0
1288837488,32,1
3585281148,35,0
1857648579,36,0
3455462888,35,2
7477697687,45,2
8211574664,43,1
2132366425,36,1
2149947437,34,0
4119539974,28,0
5628435565,29,1
2453466664,29,0
3215548282,37,0
5146737949,36,0
2735731673,28,0
2886397374,42,1
4839669384,39,1
7338436788,25,2
4762483641,40,0
6928519359,45,2
4726735184,54,0
8964927777,35,1
4518631363,40,0
8484545188,45,0
6961777881,38,0
8758494751,53,2
5779124748,25,0
3471114712,50,2
3218626963,43,1
4845864963,45,1
5123131967,31,2
3585824381,41,2
7668563495,39,0
9376248469,31,2
5517711199,33,2
4473188286,41,1
4789568394,34,1
7365273564,41,1
5146451521,23,0
4673837321,39,1
8619961652,60,1
7623872675,31,0
8145548371,50,1
1326182682,37,2
9131293539,24,0
5856222777,30,0
5292167842,38,2
1181626453,52,0
9345276963,53,0
1776762479,34,1
7587814178,34,1
2892148649,44,2
5949374851,34,0
6159338197,43,0
5976735975,38,1
9341496718,37,2
2888482546,42,0
6193782794,31,1
3381444793,23,2
2439889321,44,0
3476225283,25,1
7353544385,33,2
1826963184,41,1
9881178739,56,1
6468392747,42,1
7919755788,42,0
7748911489,46,1
7851653342,50,2
8389649917,39,0
3268212226,37,2
7331734466,18,1
3157831232,36,2
9669266596,23,2
7423166834,31,2
6231366983,48,0
9723217895,39,0
6963212915,40,1
6267262462,38,0
3828119742,35,0
4632682832,31,0
2647471948,46,2
6178271551,38,1
5719772459,27,2
2949519881,44,2
5664433298,35,0
9258117785,32,0
7541627357,34,2
9462366698,36,0
3627527444,35,2
6245996142,37,1
2486221556,30,2
5847158656,22,0
8132482459,46,2
7135957678,60,1
9731977443,19,1
2147313287,44,2
3321184897,35,2
8645131172,38,2
1965457281,43,2
9184335582,24,2
5967772222,60,1
3655741242,44,0
9627841666,60,1
4517375296,31,0
8474127945,41,2
4141432171,31,1
2252238755,58,1
4257568599,38,2
4556499569,18,0
9381178722,34,2
